X ; Y ; XL93 ; YL93 ; NBSARM ; DIAM ; BIOM ; Date ; Vitesse ; NBSARMM2 ; NBSARCEP ; BIOMMM2 ; BIOMGM2 ; BIOMGCEP 
4.2676739;47.1612572;796034.4230968;6674212.9565989;7.31;9.28;494.84;2015-02-11 09:52:37;6.40;6.65;7.31;449.85;364.38;400.82
4.2676856;47.1612398;796035.3403976;6674211.0383646;1.65;6.13;48.70;2015-02-11 09:52:38;6.55;1.50;1.65;44.27;35.86;39.45
4.2676937;47.1612247;796035.9808979;6674209.3711927;6.02;8.82;367.40;2015-02-11 09:52:39;6.58;5.47;6.02;334.00;270.54;297.59
4.2677031;47.1612091;796036.7207651;6674207.6500714;6.60;8.52;375.86;2015-02-11 09:52:40;6.55;6.00;6.60;341.69;276.77;304.45
4.2677144;47.1611937;796037.6042010;6674205.9534733;2.83;7.74;132.84;2015-02-11 09:52:41;6.37;2.57;2.83;120.76;97.82;107.60
4.2677237;47.1611781;796038.3364940;6674204.2322306;4.95;10.56;433.23;2015-02-11 09:52:42;6.55;4.50;4.95;393.85;319.02;350.92
4.2677320;47.1611645;796038.9894710;6674202.7318940;3.38;11.88;374.26;2015-02-11 09:52:43;6.40;3.07;3.38;340.23;275.59;303.15
4.2677393;47.1611502;796039.5679465;6674201.1525984;2.15;9.00;136.82;2015-02-11 09:52:44;6.69;1.96;2.15;124.38;100.75;110.82
4.2677466;47.1611358;796040.1466006;6674199.5621968;8.29;10.49;716.67;2015-02-11 09:52:45;6.51;7.54;8.29;651.51;527.73;580.50
4.2677562;47.1611208;796040.9005502;6674197.9079560;3.33;12.20;389.59;2015-02-11 09:52:46;6.48;3.03;3.33;354.17;286.88;315.57
4.2677647;47.1611065;796041.5699267;6674196.3301201;3.89;6.94;147.04;2015-02-11 09:52:47;6.48;3.54;3.89;133.67;108.28;119.10
4.2677740;47.1610910;796042.3020437;6674194.6199841;4.35;9.74;324.02;2015-02-11 09:52:48;6.62;3.95;4.35;294.57;238.60;262.46
4.2677842;47.1610749;796043.1034061;6674192.8443061;3.41;10.99;323.58;2015-02-11 09:52:49;6.33;3.10;3.41;294.16;238.27;262.10
4.2677943;47.1610602;796043.8946974;6674191.2239922;5.65;9.62;410.74;2015-02-11 09:52:50;6.37;5.14;5.65;373.40;302.45;332.70
4.2678046;47.1610454;796044.7013175;6674189.5928156;4.89;7.87;237.86;2015-02-11 09:52:51;6.62;4.45;4.89;216.24;175.15;192.67
4.2678129;47.1610314;796045.3550108;6674188.0480553;6.05;10.15;489.51;2015-02-11 09:52:52;6.55;5.50;6.05;445.01;360.46;396.51
4.2678242;47.1610150;796046.2402353;6674186.2403975;3.33;11.85;367.82;2015-02-11 09:52:53;6.48;3.03;3.33;334.38;270.85;297.94
4.2678307;47.1610013;796046.7570439;6674184.7267663;1.11;8.11;57.36;2015-02-11 09:52:54;6.48;1.01;1.11;52.15;42.24;46.46
4.2678409;47.1609863;796047.5564472;6674183.0732562;2.86;6.59;97.59;2015-02-11 09:52:55;6.30;2.60;2.86;88.72;71.87;79.05
4.2678495;47.1609711;796048.2350072;6674181.3955878;4.95;10.00;388.27;2015-02-11 09:52:56;6.55;4.50;4.95;352.97;285.91;314.50
4.2678567;47.1609573;796048.8050203;6674179.8717022;4.50;9.37;310.14;2015-02-11 09:52:57;6.40;4.09;4.50;281.94;228.37;251.21
4.2678643;47.1609422;796049.4076522;6674178.2039237;5.00;11.68;536.02;2015-02-11 09:52:58;6.48;4.55;5.00;487.29;394.70;434.17
4.2678734;47.1609260;796050.1258718;6674176.4158026;1.09;14.60;183.27;2015-02-11 09:52:59;6.58;0.99;1.09;166.61;134.95;148.45
4.2678829;47.1609104;796050.8733219;6674174.6948049;6.71;9.86;511.96;2015-02-11 09:53:00;6.44;6.10;6.71;465.42;376.99;414.69
4.2678923;47.1608943;796051.6140890;6674172.9181550;3.83;10.56;335.32;2015-02-11 09:53:01;6.58;3.48;3.83;304.84;246.92;271.61
4.2679039;47.1608776;796052.5225777;6674171.0775448;7.19;10.73;649.95;2015-02-11 09:53:02;6.51;6.54;7.19;590.86;478.60;526.46
4.2679156;47.1608617;796053.4372151;6674169.3259052;4.68;10.16;379.39;2015-02-11 09:53:03;6.15;4.26;4.68;344.90;279.37;307.31
4.2679268;47.1608455;796054.3145129;6674167.5403393;5.44;11.64;579.15;2015-02-11 09:53:04;6.62;4.94;5.44;526.50;426.47;469.11
4.2679368;47.1608291;796055.1012672;6674165.7311014;2.30;9.59;166.25;2015-02-11 09:53:05;6.26;2.09;2.30;151.14;122.42;134.66
4.2679446;47.1608123;796055.7220843;6674163.8747630;4.84;10.68;433.95;2015-02-11 09:53:06;6.69;4.40;4.84;394.50;319.55;351.50
4.2679539;47.1607964;796056.4549224;6674162.1202044;3.89;8.46;218.40;2015-02-11 09:53:07;6.48;3.54;3.89;198.55;160.82;176.91
4.2679629;47.1607816;796057.1630739;6674160.4874482;7.19;9.76;537.55;2015-02-11 09:53:08;6.51;6.54;7.19;488.68;395.83;435.41
4.2679737;47.1607671;796058.0070417;6674158.8902002;3.38;7.39;144.81;2015-02-11 09:53:09;6.40;3.07;3.38;131.65;106.64;117.30
4.2679827;47.1607529;796058.7141237;6674157.3240808;6.11;8.08;313.07;2015-02-11 09:53:10;6.48;5.56;6.11;284.61;230.53;253.59
4.2679918;47.1607377;796059.4305648;6674155.6470221;4.92;9.03;315.37;2015-02-11 09:53:11;6.58;4.48;4.92;286.70;232.23;255.45
4.2680037;47.1607225;796060.3591081;6674153.9733698;5.03;6.93;189.97;2015-02-11 09:53:12;6.44;4.57;5.03;172.70;139.89;153.88
4.2680141;47.1607069;796061.1747393;6674152.2534683;2.21;11.09;213.71;2015-02-11 09:53:13;6.51;2.01;2.21;194.29;157.37;173.11
4.2680237;47.1606912;796061.9299488;6674150.5214877;4.35;10.27;360.31;2015-02-11 09:53:14;6.62;3.95;4.35;327.55;265.32;291.85
4.2680322;47.1606750;796062.6027248;6674148.7326383;1.64;12.31;195.23;2015-02-11 09:53:15;6.58;1.49;1.64;177.48;143.76;158.14
4.2680415;47.1606597;796063.3344965;6674147.0447174;4.52;8.89;280.82;2015-02-11 09:53:16;6.37;4.11;4.52;255.29;206.79;227.46
4.2680503;47.1606446;796064.0280364;6674145.3784004;3.81;6.91;142.64;2015-02-11 09:53:17;6.62;3.46;3.81;129.67;105.04;115.54
4.2680586;47.1606300;796064.6828095;6674143.7670058;6.33;10.75;573.81;2015-02-11 09:53:18;6.26;5.75;6.33;521.65;422.54;464.79
4.2680684;47.1606151;796065.4517442;6674142.1241178;4.32;8.37;237.84;2015-02-11 09:53:19;6.66;3.93;4.32;216.21;175.13;192.65
4.2680768;47.1606003;796066.1144498;6674140.4906328;6.37;10.42;542.79;2015-02-11 09:53:20;6.22;5.79;6.37;493.45;399.69;439.66
4.2680838;47.1605874;796066.6677155;6674139.0664608;1.16;8.57;66.76;2015-02-11 09:53:21;6.22;1.05;1.16;60.69;49.16;54.07
4.2680932;47.1605737;796067.4042105;6674137.5563598;7.78;10.40;660.11;2015-02-11 09:53:22;6.48;7.07;7.78;600.10;486.08;534.69
4.2681042;47.1605594;796068.2629775;6674135.9815688;2.27;10.27;188.41;2015-02-11 09:53:23;6.33;2.07;2.27;171.28;138.74;152.61
4.2681147;47.1605445;796069.0849398;6674134.3395330;6.75;8.02;341.30;2015-02-11 09:53:24;6.40;6.14;6.75;310.28;251.32;276.46
4.2681236;47.1605307;796069.7837389;6674132.8177179;2.29;7.29;95.49;2015-02-11 09:53:25;6.30;2.08;2.29;86.81;70.31;77.35
4.2681305;47.1605172;796070.3305013;6674131.3267879;4.42;14.15;696.14;2015-02-11 09:53:26;6.51;4.02;4.42;632.86;512.62;563.88
4.2681385;47.1605022;796070.9632657;6674129.6706046;4.57;8.62;266.70;2015-02-11 09:53:27;6.30;4.16;4.57;242.45;196.39;216.02
4.2681461;47.1604880;796071.5643030;6674128.1027836;3.39;11.40;345.84;2015-02-11 09:53:28;6.37;3.08;3.39;314.40;254.66;280.13
4.2681527;47.1604777;796072.0826328;6674126.9668843;3.07;6.08;89.18;2015-02-11 09:53:29;3.52;2.79;3.07;81.07;65.67;72.23
4.2681777;47.1604983;796073.9396602;6674129.2851603;3.86;11.61;408.13;2015-02-11 09:53:56;2.80;3.51;3.86;371.03;300.53;330.58
4.2681701;47.1605092;796073.3445090;6674130.4864794;4.42;7.73;207.71;2015-02-11 09:53:57;6.51;4.02;4.42;188.83;152.95;168.25
4.2681578;47.1605245;796072.3854799;6674132.1707490;2.37;7.86;114.81;2015-02-11 09:53:58;6.08;2.15;2.37;104.37;84.54;93.00
4.2681467;47.1605384;796071.5198497;6674133.7009933;4.17;11.77;454.20;2015-02-11 09:53:59;6.04;3.79;4.17;412.91;334.46;367.90
4.2681380;47.1605539;796070.8331680;6674135.4118554;4.52;10.06;359.08;2015-02-11 09:54:00;6.37;4.11;4.52;326.44;264.42;290.86
4.2681280;47.1605714;796070.0444430;6674137.3432582;5.21;11.18;510.96;2015-02-11 09:54:01;6.22;4.74;5.21;464.51;376.25;413.87
4.2681183;47.1605889;796069.2784437;6674139.2750261;3.96;7.23;162.21;2015-02-11 09:54:02;6.37;3.60;3.96;147.46;119.45;131.39
4.2681085;47.1606039;796068.5093292;6674140.9290197;4.74;9.80;357.22;2015-02-11 09:54:03;6.08;4.31;4.74;324.74;263.04;289.35
4.2680981;47.1606188;796067.6949430;6674142.5711773;5.12;8.70;304.19;2015-02-11 09:54:04;6.33;4.65;5.12;276.54;224.00;246.40
4.2680886;47.1606335;796066.9490897;6674144.1922177;2.35;14.21;373.10;2015-02-11 09:54:05;6.12;2.14;2.35;339.18;274.74;302.21
4.2680769;47.1606476;796066.0376554;6674145.7439451;4.82;8.06;246.32;2015-02-11 09:54:06;5.97;4.39;4.82;223.93;181.38;199.52
4.2680662;47.1606627;796065.2001885;6674147.4079503;3.43;7.90;168.00;2015-02-11 09:54:07;6.30;3.12;3.43;152.73;123.71;136.08
4.2680567;47.1606775;796064.4541581;6674149.0400971;4.74;7.13;188.96;2015-02-11 09:54:08;6.08;4.31;4.74;171.78;139.14;153.06
4.2680475;47.1606934;796063.7288912;6674150.7947763;3.64;8.97;229.98;2015-02-11 09:54:09;5.94;3.31;3.64;209.07;169.35;186.28
4.2680381;47.1607080;796062.9907934;6674152.4048329;2.30;11.95;257.99;2015-02-11 09:54:10;6.26;2.09;2.30;234.53;189.97;208.97
4.2680305;47.1607221;796062.3899389;6674153.9615487;7.61;10.34;639.16;2015-02-11 09:54:11;6.15;6.92;7.61;581.06;470.66;517.72
4.2680213;47.1607364;796061.6675270;6674155.5385304;2.91;9.12;190.04;2015-02-11 09:54:12;6.19;2.64;2.91;172.76;139.93;153.93
4.2680113;47.1607503;796060.8852285;6674157.0701145;4.74;10.02;373.54;2015-02-11 09:54:13;6.08;4.31;4.74;339.58;275.06;302.57
4.2680020;47.1607640;796060.1563124;6674158.5803381;2.33;11.75;252.46;2015-02-11 09:54:14;6.19;2.11;2.33;229.51;185.90;204.49
4.2679929;47.1607776;796059.4427252;6674160.0796989;4.17;13.98;640.81;2015-02-11 09:54:15;6.04;3.79;4.17;582.55;471.87;519.05
4.2679839;47.1607921;796058.7351082;6674161.6791365;4.07;8.27;218.51;2015-02-11 09:54:16;6.19;3.70;4.07;198.64;160.90;176.99
4.2679743;47.1608071;796057.9811494;6674163.3333749;3.21;7.80;153.37;2015-02-11 09:54:17;5.61;2.92;3.21;139.43;112.94;124.23
4.2679645;47.1608209;796057.2141812;6674164.8540967;7.22;9.36;497.35;2015-02-11 09:54:18;6.48;6.57;7.22;452.14;366.23;402.85
4.2679548;47.1608349;796056.4544317;6674166.3971525;3.53;10.92;330.40;2015-02-11 09:54:19;6.12;3.21;3.53;300.36;243.29;267.62
4.2679460;47.1608473;796055.7657117;6674167.7636054;5.39;11.09;520.49;2015-02-11 09:54:20;6.01;4.90;5.39;473.18;383.27;421.60
4.2679362;47.1608615;796054.9980311;6674169.3287520;1.81;14.94;317.08;2015-02-11 09:54:21;5.97;1.64;1.81;288.25;233.48;256.83
4.2679288;47.1608752;796054.4130438;6674170.8412876;6.56;7.39;281.25;2015-02-11 09:54:22;6.04;5.96;6.56;255.68;207.10;227.81
4.2679198;47.1608915;796053.7022190;6674172.6406358;6.08;10.07;484.65;2015-02-11 09:54:23;6.51;5.53;6.08;440.59;356.88;392.57
4.2679087;47.1609064;796052.8348157;6674174.2819441;3.07;9.60;222.10;2015-02-11 09:54:24;5.86;2.79;3.07;201.91;163.55;179.90
4.2678974;47.1609203;796051.9540462;6674175.8119481;6.47;10.80;593.17;2015-02-11 09:54:25;6.12;5.88;6.47;539.25;436.79;480.47
4.2678856;47.1609341;796051.0355803;6674177.3302379;4.68;8.04;237.54;2015-02-11 09:54:26;6.15;4.26;4.68;215.94;174.91;192.40
4.2678757;47.1609497;796050.2578304;6674179.0507491;5.88;11.84;647.89;2015-02-11 09:54:27;6.12;5.35;5.88;588.99;477.08;524.79
4.2678671;47.1609638;796049.5812314;6674180.6062500;3.02;11.60;318.68;2015-02-11 09:54:28;5.97;2.74;3.02;289.71;234.66;258.13
4.2678575;47.1609782;796048.8283474;6674182.1938529;5.56;7.19;225.91;2015-02-11 09:54:29;5.83;5.05;5.56;205.37;166.35;182.99
4.2678481;47.1609933;796048.0893655;6674183.8594420;5.09;9.60;368.46;2015-02-11 09:54:30;6.37;4.62;5.09;334.96;271.32;298.45
4.2678379;47.1610077;796047.2910322;6674185.4463153;1.88;11.39;191.02;2015-02-11 09:54:31;5.76;1.70;1.88;173.66;140.66;154.73
4.2678291;47.1610220;796046.5989279;6674187.0237855;6.51;9.45;456.57;2015-02-11 09:54:32;6.08;5.92;6.51;415.07;336.21;369.83
4.2678203;47.1610355;796045.9082507;6674188.5124069;4.22;8.31;229.16;2015-02-11 09:54:33;5.97;3.84;4.22;208.33;168.74;185.62
4.2678110;47.1610490;796045.1796987;6674190.0004203;7.50;8.42;417.52;2015-02-11 09:54:34;5.76;6.82;7.50;379.56;307.44;338.19
4.2678014;47.1610628;796044.4278870;6674191.5213871;4.71;11.00;447.12;2015-02-11 09:54:35;6.12;4.28;4.71;406.48;329.25;362.17
4.2677914;47.1610779;796043.6434573;6674193.1862470;4.88;9.51;346.94;2015-02-11 09:54:36;5.90;4.44;4.88;315.40;255.47;281.02
4.2677812;47.1610916;796042.8463746;6674194.6953782;5.96;11.45;613.19;2015-02-11 09:54:37;6.04;5.42;5.96;557.45;451.53;496.68
4.2677703;47.1611065;796041.9941273;6674196.3369314;4.17;7.16;168.12;2015-02-11 09:54:38;6.04;3.79;4.17;152.83;123.79;136.17
4.2677621;47.1611220;796041.3453358;6674198.0484054;6.47;13.02;861.85;2015-02-11 09:54:39;6.12;5.88;6.47;783.50;634.64;698.10
4.2677550;47.1611357;796040.7830795;6674199.5613074;4.68;8.52;266.92;2015-02-11 09:54:40;6.15;4.26;4.68;242.66;196.55;216.21
4.2677487;47.1611499;796040.2805319;6674201.1307130;3.07;11.60;324.58;2015-02-11 09:54:41;5.86;2.79;3.07;295.07;239.01;262.91
4.2677442;47.1611639;796039.9146913;6674202.6800958;3.53;11.45;363.44;2015-02-11 09:54:42;6.12;3.21;3.53;330.40;267.62;294.38
4.2677365;47.1611784;796039.3055592;6674204.2811170;7.70;10.48;664.61;2015-02-11 09:54:43;6.08;7.00;7.70;604.19;489.39;538.33
4.2677287;47.1611926;796038.6893874;6674205.8486984;8.12;8.75;488.87;2015-02-11 09:54:44;5.76;7.39;8.12;444.43;359.99;395.99
4.2677214;47.1612079;796038.1091293;6674207.5390553;4.05;11.76;439.91;2015-02-11 09:54:45;6.22;3.68;4.05;399.92;323.94;356.33
4.2677126;47.1612234;796037.4148900;6674209.2498000;4.12;6.82;150.23;2015-02-11 09:54:46;6.12;3.74;4.12;136.57;110.63;121.69
4.2677017;47.1612377;796036.5637161;6674210.8247174;4.65;11.67;497.79;2015-02-11 09:54:47;6.19;4.23;4.65;452.54;366.55;403.21
4.2676910;47.1612518;796035.7280492;6674212.3776660;4.12;9.15;270.84;2015-02-11 09:54:48;6.12;3.74;4.12;246.22;199.44;219.38
4.2676819;47.1612670;796035.0116211;6674214.0547278;2.89;10.92;270.97;2015-02-11 09:54:49;6.22;2.63;2.89;246.34;199.53;219.49
4.2676712;47.1612812;796034.1757767;6674215.6187827;2.94;12.37;353.67;2015-02-11 09:54:50;6.12;2.67;2.94;321.52;260.43;286.48
4.2676630;47.1612935;796033.5326953;6674216.9748620;3.45;11.10;334.10;2015-02-11 09:54:51;6.26;3.14;3.45;303.73;246.02;270.62
4.2676546;47.1613064;796032.8733944;6674218.3973349;3.64;6.85;134.01;2015-02-11 09:54:52;5.94;3.31;3.64;121.83;98.68;108.55
4.2676445;47.1613193;796032.0853191;6674219.8177403;4.05;5.36;91.34;2015-02-11 09:54:53;6.22;3.68;4.05;83.04;67.26;73.99
4.2676354;47.1613340;796031.3697843;6674221.4392721;5.14;10.17;417.42;2015-02-11 09:54:54;6.30;4.68;5.14;379.48;307.38;338.11
4.2676263;47.1613473;796030.6567463;6674222.9053183;4.19;9.52;298.44;2015-02-11 09:54:55;6.01;3.81;4.19;271.31;219.76;241.73
4.2676167;47.1613613;796029.9045856;6674224.4484994;2.80;10.69;251.01;2015-02-11 09:54:56;6.44;2.54;2.80;228.19;184.84;203.32
4.2676066;47.1613759;796029.1134805;6674226.0577092;6.56;11.31;658.51;2015-02-11 09:54:57;6.04;5.96;6.56;598.65;484.90;533.39
4.2675975;47.1613900;796028.3990171;6674227.6126047;5.27;8.97;332.59;2015-02-11 09:54:58;6.15;4.79;5.27;302.35;244.90;269.39
4.2675891;47.1614041;796027.7375789;6674229.1683515;3.98;11.70;428.26;2015-02-11 09:54:59;6.33;3.62;3.98;389.32;315.35;346.89
4.2675808;47.1614195;796027.0813980;6674230.8685995;8.14;10.59;717.35;2015-02-11 09:55:00;6.19;7.40;8.14;652.14;528.23;581.06
4.2675732;47.1614332;796026.4812733;6674232.3808950;3.58;7.36;152.32;2015-02-11 09:55:01;6.04;3.25;3.58;138.47;112.16;123.38
4.2675699;47.1614469;796026.2068724;6674233.8984197;4.14;8.01;208.62;2015-02-11 09:55:02;6.08;3.77;4.14;189.66;153.62;168.98
4.2675617;47.1614628;796025.5573759;6674235.6543201;4.05;10.85;374.62;2015-02-11 09:55:03;6.22;3.68;4.05;340.57;275.86;303.44
4.2675538;47.1614784;796024.9311396;6674237.3772671;7.19;11.27;717.21;2015-02-11 09:55:04;6.01;6.53;7.19;652.01;528.12;580.94
4.2675478;47.1614933;796024.4500758;6674239.0247819;4.88;10.78;445.21;2015-02-11 09:55:05;5.90;4.44;4.88;404.74;327.84;360.62
4.2675398;47.1615071;796023.8194745;6674240.5476973;4.77;6.74;170.02;2015-02-11 09:55:06;6.04;4.33;4.77;154.56;125.19;137.71
4.2675325;47.1615226;796023.2388671;6674242.2602680;6.37;10.01;501.44;2015-02-11 09:55:07;6.22;5.79;6.37;455.85;369.24;406.17
4.2675252;47.1615355;796022.6628957;6674243.6840797;3.87;13.87;585.06;2015-02-11 09:55:08;5.58;3.52;3.87;531.87;430.82;473.90
4.2675159;47.1615491;796021.9341775;6674245.1832023;6.06;9.94;470.61;2015-02-11 09:55:09;5.94;5.51;6.06;427.83;346.54;381.19
4.2675043;47.1615622;796021.0321273;6674246.6239974;3.96;8.62;230.88;2015-02-11 09:55:10;6.37;3.60;3.96;209.90;170.02;187.02
4.2674939;47.1615752;796020.2211552;6674248.0551459;3.23;10.74;292.47;2015-02-11 09:55:11;5.58;2.93;3.23;265.88;215.36;236.90
4.2674826;47.1615882;796019.3420090;6674249.4852000;5.65;10.73;511.10;2015-02-11 09:55:12;6.37;5.14;5.65;464.64;376.36;413.99
4.2674716;47.1616005;796018.4868360;6674250.8378763;4.91;10.07;391.73;2015-02-11 09:55:13;5.86;4.47;4.91;356.12;288.46;317.30
4.2674625;47.1616140;796017.7734478;6674252.3261364;4.82;12.25;568.42;2015-02-11 09:55:14;5.97;4.39;4.82;516.74;418.56;460.42
4.2674526;47.1616284;796016.9978559;6674253.9133789;2.93;7.17;118.31;2015-02-11 09:55:15;6.15;2.66;2.93;107.56;87.12;95.83
4.2674472;47.1616412;796016.5659891;6674255.3283956;6.06;11.82;665.00;2015-02-11 09:55:16;4.75;5.51;6.06;604.55;489.68;538.65
4.2675271;47.1616252;796022.6468903;6674253.6485766;1.48;25.53;755.28;2015-02-11 09:55:27;2.44;1.34;1.48;686.61;556.16;611.77
4.2675329;47.1616212;796023.0933685;6674253.2113851;16.74;10.01;1316.86;2015-02-11 09:55:28;0.86;15.22;16.74;1197.15;969.69;1066.66
4.2675484;47.1616112;796024.2853137;6674252.1196225;2.25;9.18;148.91;2015-02-11 09:55:30;3.20;2.05;2.25;135.37;109.65;120.61
4.2675574;47.1616021;796024.9832835;6674251.1199106;8.93;9.12;582.57;2015-02-11 09:55:31;3.63;8.11;8.93;529.61;428.98;471.88
4.2675687;47.1615912;796025.8586866;6674249.9230857;7.27;11.00;690.70;2015-02-11 09:55:32;5.94;6.61;7.27;627.91;508.61;559.47
4.2675811;47.1615761;796026.8249030;6674248.2611418;4.47;6.90;167.14;2015-02-11 09:55:33;6.44;4.07;4.47;151.94;123.07;135.38
4.2675917;47.1615610;796027.6547710;6674246.5970091;6.29;6.25;192.93;2015-02-11 09:55:34;6.87;5.72;6.29;175.39;142.06;156.27
4.2676096;47.1615335;796029.0597205;6674243.5645958;5.69;9.28;384.25;2015-02-11 09:55:36;6.33;5.17;5.69;349.32;282.95;311.25
4.2676231;47.1615153;796030.1147909;6674241.5597007;3.28;11.52;342.02;2015-02-11 09:55:37;6.58;2.98;3.28;310.92;251.85;277.03
4.2676332;47.1614998;796030.9074991;6674239.8505359;4.79;8.54;274.75;2015-02-11 09:55:38;6.01;4.36;4.79;249.78;202.32;222.55
4.2676439;47.1614848;796031.7447659;6674238.1976315;6.11;8.49;346.09;2015-02-11 09:55:39;6.48;5.56;6.11;314.62;254.85;280.33
4.2676547;47.1614705;796032.5883599;6674236.6225916;6.71;8.86;413.13;2015-02-11 09:55:40;6.44;6.10;6.71;375.57;304.21;334.63
4.2676640;47.1614555;796033.3195782;6674234.9679848;3.96;11.75;429.01;2015-02-11 09:55:41;6.37;3.60;3.96;390.01;315.91;347.50
4.2676722;47.1614393;796033.9696120;6674233.1787669;6.08;11.22;600.97;2015-02-11 09:55:42;6.51;5.53;6.08;546.34;442.53;486.79
4.2676806;47.1614233;796034.6344394;6674231.4120045;7.53;11.21;743.97;2015-02-11 09:55:43;6.69;6.85;7.53;676.34;547.83;602.62
4.2676918;47.1614083;796035.5095832;6674229.7597088;7.39;8.01;372.16;2015-02-11 09:55:44;6.33;6.72;7.39;338.33;274.05;301.45
4.2677036;47.1613931;796036.4305340;6674228.0859307;4.40;10.24;362.46;2015-02-11 09:55:45;6.55;4.00;4.40;329.51;266.90;293.59
4.2677155;47.1613764;796037.3617350;6674226.2456827;4.57;11.31;459.61;2015-02-11 09:55:46;6.30;4.16;4.57;417.82;338.44;372.28
4.2677348;47.1613484;796038.8736352;6674223.1594441;2.26;8.70;134.32;2015-02-11 09:55:48;6.37;2.06;2.26;122.11;98.91;108.80
4.2677452;47.1613313;796039.6919263;6674221.2729476;4.26;7.68;197.46;2015-02-11 09:55:49;6.76;3.87;4.26;179.51;145.40;159.94
4.2677553;47.1613158;796040.4846398;6674219.5637842;4.00;7.75;188.61;2015-02-11 09:55:50;6.30;3.64;4.00;171.46;138.88;152.77
4.2677646;47.1613005;796041.2163971;6674217.8758601;3.39;8.20;178.95;2015-02-11 09:55:51;6.37;3.08;3.39;162.68;131.77;144.95
4.2677742;47.1612846;796041.9719498;6674216.1216643;5.98;8.69;354.64;2015-02-11 09:55:52;6.62;5.44;5.98;322.40;261.14;287.26
4.2677816;47.1612694;796042.5596049;6674214.4425356;3.94;7.78;187.38;2015-02-11 09:55:53;6.40;3.58;3.94;170.34;137.98;151.78
4.2677885;47.1612551;796043.1077803;6674212.8627538;4.50;7.50;199.06;2015-02-11 09:55:54;6.40;4.09;4.50;180.96;146.58;161.24
4.2677964;47.1612407;796043.7318843;6674211.2730822;3.39;10.64;301.29;2015-02-11 09:55:55;6.37;3.08;3.39;273.90;221.86;244.05
4.2678046;47.1612258;796044.3796052;6674209.6282450;5.95;11.26;591.71;2015-02-11 09:55:56;6.66;5.41;5.95;537.92;435.71;479.28
4.2678148;47.1612106;796045.1793614;6674207.9525223;3.78;8.23;201.23;2015-02-11 09:55:57;6.66;3.44;3.78;182.94;148.18;163.00
4.2678254;47.1611955;796046.0092397;6674206.2883923;5.23;9.78;393.57;2015-02-11 09:55:58;6.19;4.76;5.23;357.79;289.81;318.79
4.2678338;47.1611791;796046.6747868;6674204.4772070;3.30;9.59;238.17;2015-02-11 09:55:59;6.55;3.00;3.30;216.51;175.38;192.91
4.2678417;47.1611633;796047.3013893;6674202.7320503;4.44;8.28;239.08;2015-02-11 09:56:00;6.48;4.04;4.44;217.35;176.05;193.66
4.2678487;47.1611478;796047.8592821;6674201.0191172;5.56;13.29;770.46;2015-02-11 09:56:01;6.48;5.05;5.56;700.42;567.34;624.07
4.2678567;47.1611321;796048.4932819;6674199.2851884;4.30;11.41;439.97;2015-02-11 09:56:02;6.69;3.91;4.30;399.97;323.98;356.37
4.2678670;47.1611164;796049.3015072;6674197.5540573;7.27;8.95;456.92;2015-02-11 09:56:03;6.44;6.61;7.27;415.38;336.46;370.11
4.2678769;47.1611015;796050.0780063;6674195.9112887;5.95;10.34;499.61;2015-02-11 09:56:04;6.66;5.41;5.95;454.20;367.90;404.69
4.2678843;47.1610872;796050.6640603;6674194.3321159;2.84;9.64;207.69;2015-02-11 09:56:05;6.33;2.59;2.84;188.81;152.94;168.23
4.2678938;47.1610723;796051.4102601;6674192.6888609;6.19;8.75;372.36;2015-02-11 09:56:06;6.40;5.62;6.19;338.51;274.19;301.61
4.2679034;47.1610567;796052.1652837;6674190.9679849;4.44;7.99;223.02;2015-02-11 09:56:07;6.48;4.04;4.44;202.74;164.22;180.65
4.2679120;47.1610422;796052.8425956;6674189.3680598;6.64;10.04;525.41;2015-02-11 09:56:08;6.51;6.03;6.64;477.64;386.89;425.58
4.2679201;47.1610260;796053.4850648;6674187.5787226;4.03;5.50;95.67;2015-02-11 09:56:09;6.26;3.66;4.03;86.97;70.44;77.49
4.2679280;47.1610116;796054.1091740;6674185.9890522;3.33;11.91;371.37;2015-02-11 09:56:10;6.48;3.03;3.33;337.61;273.46;300.81
4.2679345;47.1609967;796054.6281248;6674184.3421484;2.76;6.49;91.34;2015-02-11 09:56:11;6.51;2.51;2.76;83.04;67.26;73.98
4.2679433;47.1609794;796055.3255821;6674182.4314957;5.14;10.53;447.92;2015-02-11 09:56:12;6.30;4.68;5.14;407.20;329.83;362.81
4.2679529;47.1609641;796056.0800729;6674180.7439386;3.24;10.22;266.03;2015-02-11 09:56:13;6.66;2.95;3.24;241.84;195.89;215.48
4.2679634;47.1609496;796056.9013127;6674179.1463253;7.96;9.01;507.12;2015-02-11 09:56:14;6.33;7.24;7.96;461.02;373.43;410.77
4.2679727;47.1609361;796057.6298688;6674177.6583135;5.03;9.80;379.79;2015-02-11 09:56:15;6.44;4.57;5.03;345.27;279.67;307.63
4.2679810;47.1609210;796058.2855287;6674175.9913874;5.00;10.17;405.79;2015-02-11 09:56:16;6.48;4.55;5.00;368.90;298.81;328.69
4.2679894;47.1609055;796058.9494774;6674174.2801587;3.30;11.79;360.02;2015-02-11 09:56:17;6.55;3.00;3.30;327.29;265.11;291.62
4.2679978;47.1608905;796059.6125347;6674172.6244605;7.56;11.08;729.33;2015-02-11 09:56:18;6.19;6.87;7.56;663.03;537.05;590.76
4.2680071;47.1608763;796060.3423408;6674171.0587063;2.16;9.62;157.22;2015-02-11 09:56:19;6.66;1.97;2.16;142.93;115.77;127.35
4.2680165;47.1608609;796061.0818627;6674169.3598004;5.69;10.00;446.39;2015-02-11 09:56:20;6.33;5.17;5.69;405.81;328.70;361.57
4.2680246;47.1608456;796061.7227310;6674167.6704193;2.80;8.33;152.23;2015-02-11 09:56:21;6.44;2.54;2.80;138.39;112.10;123.31
4.2680349;47.1608295;796062.5316777;6674165.8948657;8.33;10.08;665.12;2015-02-11 09:56:22;6.48;7.58;8.33;604.65;489.77;538.75
4.2680450;47.1608145;796063.3235127;6674164.2412362;1.13;12.99;149.85;2015-02-11 09:56:23;6.37;1.03;1.13;136.23;110.35;121.38
4.2680551;47.1607997;796064.1149913;6674162.6098191;6.67;9.93;515.86;2015-02-11 09:56:24;6.48;6.06;6.67;468.97;379.86;417.85
4.2680638;47.1607843;796064.8014899;6674160.9100621;4.40;5.58;107.37;2015-02-11 09:56:25;6.55;4.00;4.40;97.61;79.06;86.97
4.2680733;47.1607695;796065.5475190;6674159.2779152;5.18;9.95;402.73;2015-02-11 09:56:26;6.26;4.71;5.18;366.12;296.56;326.21
4.2680814;47.1607596;796066.1787575;6674158.1882646;5.53;7.46;241.46;2015-02-11 09:56:27;5.86;5.03;5.53;219.51;177.81;195.59
4.2680893;47.1607445;796066.8041215;6674156.5208530;5.69;8.36;312.52;2015-02-11 09:56:28;6.33;5.17;5.69;284.11;230.13;253.14
4.2680981;47.1607278;796067.5005154;6674154.6768386;4.42;7.42;191.19;2015-02-11 09:56:29;6.51;4.02;4.42;173.81;140.78;154.86
4.2681078;47.1607120;796068.2634799;6674152.9338742;5.98;6.81;217.75;2015-02-11 09:56:30;6.62;5.44;5.98;197.96;160.35;176.38
4.2681178;47.1606944;796069.0523808;6674150.9913650;3.96;8.41;219.61;2015-02-11 09:56:31;6.37;3.60;3.96;199.64;161.71;177.88
4.2681274;47.1606806;796069.8042036;6674149.4704015;6.37;9.71;471.82;2015-02-11 09:56:32;6.22;5.79;6.37;428.93;347.43;382.17
4.2681370;47.1606668;796070.5560267;6674147.9494380;4.68;8.40;259.33;2015-02-11 09:56:33;6.15;4.26;4.68;235.76;190.96;210.06
4.2681470;47.1606536;796071.3370802;6674146.4955980;4.88;10.66;436.05;2015-02-11 09:56:34;5.90;4.44;4.88;396.41;321.09;353.20
4.2681562;47.1606428;796072.0532523;6674145.3073314;2.49;8.61;144.64;2015-02-11 09:56:35;5.79;2.26;2.49;131.49;106.51;117.16
4.2681654;47.1606311;796072.7710302;6674144.0191099;8.34;13.26;1152.66;2015-02-11 09:56:36;6.04;7.59;8.34;1047.88;848.78;933.66
4.2681750;47.1606177;796073.5221412;6674142.5425713;3.53;10.12;284.09;2015-02-11 09:56:37;6.12;3.21;3.53;258.26;209.19;230.11
4.2681867;47.1606051;796074.4309021;6674141.1574368;3.45;8.17;181.04;2015-02-11 09:56:38;6.26;3.14;3.45;164.58;133.31;146.64
4.2681979;47.1605913;796075.3039287;6674139.6384207;6.14;11.00;583.72;2015-02-11 09:56:39;5.86;5.58;6.14;530.65;429.83;472.81
4.2682071;47.1605703;796076.0382981;6674137.3173314;2.81;12.22;329.71;2015-02-11 09:56:40;6.40;2.56;2.81;299.73;242.78;267.06
4.2682149;47.1605526;796076.6607299;6674135.3610403;4.03;9.63;293.46;2015-02-11 09:56:41;6.26;3.66;4.03;266.78;216.09;237.70
4.2682235;47.1605362;796077.3414437;6674133.5501022;5.69;10.71;512.62;2015-02-11 09:56:42;6.33;5.17;5.69;466.02;377.47;415.22
4.2682373;47.1605184;796078.4185603;6674131.5900057;3.89;10.82;357.71;2015-02-11 09:56:43;6.48;3.54;3.89;325.19;263.40;289.75
4.2682452;47.1605043;796079.0421463;6674130.0336566;7.20;11.68;771.34;2015-02-11 09:56:44;5.50;6.55;7.20;701.22;567.99;624.79
4.2682503;47.1604957;796079.4438182;6674129.0847367;2.61;5.78;68.35;2015-02-11 09:56:45;4.14;2.37;2.61;62.13;50.33;55.36
4.2682483;47.1605167;796079.2548533;6674131.4145863;1.89;5.80;50.03;2015-02-11 09:57:02;1.90;1.72;1.89;45.48;36.84;40.52
4.2682386;47.1605249;796078.5054409;6674132.3134847;6.34;8.07;324.47;2015-02-11 09:57:03;2.84;5.76;6.34;294.98;238.93;262.82
4.2682320;47.1605349;796077.9876456;6674133.4160651;4.83;9.39;333.98;2015-02-11 09:57:04;5.22;4.39;4.83;303.62;245.93;270.52
4.2682215;47.1605508;796077.1638968;6674135.1691608;3.43;4.38;51.68;2015-02-11 09:57:05;6.30;3.12;3.43;46.98;38.06;41.86
4.2682105;47.1605645;796076.3061976;6674136.6773138;2.69;11.08;259.48;2015-02-11 09:57:06;6.69;2.45;2.69;235.89;191.07;210.18
4.2682016;47.1605800;796075.6043647;6674138.3879321;3.41;12.81;439.60;2015-02-11 09:57:07;6.33;3.10;3.41;399.64;323.71;356.08
4.2681909;47.1605956;796074.7660023;6674140.1074665;4.12;8.79;249.91;2015-02-11 09:57:08;6.12;3.74;4.12;227.19;184.03;202.43
4.2681677;47.1606322;796072.9432947;6674144.1440755;5.09;10.27;421.35;2015-02-11 09:57:10;6.37;4.62;5.09;383.05;310.27;341.30
4.2681580;47.1606466;796072.1828252;6674145.7315537;2.38;13.15;323.89;2015-02-11 09:57:11;6.04;2.17;2.38;294.45;238.50;262.35
4.2681514;47.1606617;796071.6559346;6674147.4005464;3.53;8.40;195.43;2015-02-11 09:57:12;6.12;3.21;3.53;177.66;143.91;158.30
4.2681416;47.1606796;796070.8816474;6674149.3766169;1.66;9.67;121.85;2015-02-11 09:57:13;6.51;1.51;1.66;110.77;89.72;98.70
4.2681305;47.1606932;796070.0165551;6674150.8735431;4.94;12.19;576.19;2015-02-11 09:57:14;5.83;4.49;4.94;523.81;424.28;466.71
4.2681186;47.1607053;796069.0935383;6674152.2029045;3.62;12.53;445.96;2015-02-11 09:57:15;5.97;3.29;3.62;405.42;328.39;361.23
4.2681118;47.1607197;796068.5527476;6674153.7939114;4.12;8.63;240.82;2015-02-11 09:57:16;6.12;3.74;4.12;218.93;177.33;195.06
4.2681045;47.1607347;796067.9730116;6674155.4509467;3.96;8.14;205.96;2015-02-11 09:57:17;6.37;3.60;3.96;187.24;151.66;166.83
4.2680958;47.1607495;796067.2875818;6674157.0840666;2.38;11.67;254.86;2015-02-11 09:57:18;6.04;2.17;2.38;231.69;187.67;206.43
4.2680876;47.1607636;796066.6412763;6674158.6400521;2.98;7.54;132.95;2015-02-11 09:57:19;6.04;2.71;2.98;120.86;97.90;107.69
4.2680783;47.1607775;796065.9120022;6674160.1724871;3.49;8.19;183.62;2015-02-11 09:57:20;6.19;3.17;3.49;166.92;135.21;148.73
4.2680696;47.1607911;796065.2287140;6674161.6723339;3.32;10.53;288.85;2015-02-11 09:57:21;6.51;3.02;3.32;262.59;212.70;233.97
4.2680607;47.1608061;796064.5277788;6674163.3274231;4.10;10.86;379.25;2015-02-11 09:57:22;6.15;3.73;4.10;344.77;279.26;307.19
4.2680511;47.1608199;796063.7759590;6674164.8483874;4.03;9.44;281.62;2015-02-11 09:57:23;6.26;3.66;4.03;256.02;207.37;228.11
4.2680409;47.1608348;796062.9767272;6674166.4907891;5.33;11.17;521.85;2015-02-11 09:57:24;6.08;4.84;5.33;474.41;384.27;422.70
4.2680316;47.1608490;796062.2469199;6674168.0565430;1.16;12.19;135.13;2015-02-11 09:57:25;6.22;1.05;1.16;122.84;99.50;109.45
4.2680232;47.1608637;796061.5843965;6674169.6789224;6.03;9.55;432.28;2015-02-11 09:57:26;5.97;5.48;6.03;392.98;318.31;350.14
4.2680135;47.1608788;796060.8226845;6674171.3441449;3.49;8.59;202.17;2015-02-11 09:57:27;6.19;3.17;3.49;183.79;148.87;163.76
4.2680029;47.1608926;796059.9951162;6674172.8638932;2.34;9.04;150.36;2015-02-11 09:57:28;6.15;2.13;2.34;136.69;110.72;121.79
4.2679937;47.1609060;796059.2743123;6674174.3409202;6.03;7.49;265.75;2015-02-11 09:57:29;5.97;5.48;6.03;241.59;195.69;215.26
4.2679841;47.1609198;796058.5224952;6674175.8618852;3.47;10.17;281.98;2015-02-11 09:57:30;6.22;3.16;3.47;256.34;207.64;228.40
4.2679744;47.1609343;796057.7618549;6674177.4604715;6.59;9.48;465.19;2015-02-11 09:57:31;6.01;5.99;6.59;422.90;342.55;376.80
4.2679651;47.1609481;796057.0327636;6674178.9818016;3.43;8.59;198.74;2015-02-11 09:57:32;6.30;3.12;3.43;180.67;146.34;160.98
4.2679558;47.1609628;796056.3020674;6674180.6030869;11.18;9.68;822.65;2015-02-11 09:57:33;6.12;10.16;11.18;747.87;605.77;666.35
4.2679446;47.1609776;796055.4272678;6674182.2331671;1.74;10.63;154.08;2015-02-11 09:57:34;6.22;1.58;1.74;140.07;113.46;124.80
4.2679339;47.1609915;796054.5919489;6674183.7639006;3.07;9.75;229.19;2015-02-11 09:57:35;5.86;2.79;3.07;208.35;168.76;185.64
4.2679267;47.1610054;796054.0217563;6674185.2988918;5.45;9.14;357.81;2015-02-11 09:57:36;5.94;4.96;5.45;325.29;263.48;289.83
4.2679187;47.1610205;796053.3888237;6674186.9661833;1.73;9.70;127.51;2015-02-11 09:57:37;6.26;1.57;1.73;115.92;93.89;103.28
4.2679106;47.1610342;796052.7508132;6674188.4778677;4.12;9.67;302.61;2015-02-11 09:57:38;6.12;3.74;4.12;275.10;222.83;245.12
4.2679021;47.1610485;796052.0814328;6674190.0557022;3.43;10.93;321.63;2015-02-11 09:57:39;6.30;3.12;3.43;292.39;236.83;260.52
4.2678916;47.1610631;796051.2600175;6674191.6644223;5.18;10.51;449.14;2015-02-11 09:57:40;6.26;4.71;5.18;408.30;330.73;363.80
4.2678807;47.1610779;796050.4079458;6674193.2948682;6.71;9.83;509.85;2015-02-11 09:57:41;5.90;6.10;6.71;463.50;375.44;412.98
4.2678713;47.1610918;796049.6711048;6674194.8271838;1.80;12.13;207.55;2015-02-11 09:57:42;6.01;1.63;1.80;188.68;152.83;168.12
4.2678628;47.1611065;796049.0010126;6674196.4494432;5.69;8.34;310.36;2015-02-11 09:57:43;6.33;5.17;5.69;282.14;228.54;251.39
4.2678538;47.1611221;796048.2914406;6674198.1710495;4.63;12.35;554.50;2015-02-11 09:57:44;6.22;4.21;4.63;504.09;408.32;449.15
4.2678469;47.1611376;796047.7411225;6674199.8841041;6.10;11.94;683.72;2015-02-11 09:57:45;5.90;5.55;6.10;621.56;503.47;553.81
4.2678384;47.1611517;796047.0721014;6674201.4397270;5.27;8.92;329.49;2015-02-11 09:57:46;6.15;4.79;5.27;299.54;242.63;266.89
4.2678287;47.1611646;796046.3143205;6674202.8606170;4.14;8.39;229.29;2015-02-11 09:57:47;6.08;3.77;4.14;208.45;168.84;185.73
4.2678192;47.1611782;796045.5704417;6674204.3594932;5.23;8.48;295.39;2015-02-11 09:57:48;6.19;4.76;5.23;268.54;217.51;239.27
4.2678110;47.1611923;796044.9241466;6674205.9154813;6.56;10.36;552.67;2015-02-11 09:57:49;6.04;5.96;6.56;502.43;406.97;447.67
4.2678028;47.1612070;796044.2767818;6674207.5381062;2.29;8.63;133.64;2015-02-11 09:57:50;6.30;2.08;2.29;121.49;98.41;108.25
4.2677937;47.1612219;796043.5608857;6674209.1818486;5.75;10.65;512.57;2015-02-11 09:57:51;6.26;5.23;5.75;465.97;377.44;415.18
4.2677854;47.1612353;796042.9082649;6674210.6599725;7.29;9.11;475.75;2015-02-11 09:57:52;5.43;6.63;7.29;432.50;350.32;385.36
4.2677789;47.1612509;796042.3880711;6674212.3846204;3.51;10.69;314.98;2015-02-11 09:57:53;6.15;3.19;3.51;286.35;231.94;255.14
4.2677716;47.1612660;796041.8081692;6674214.0527647;2.91;7.92;143.43;2015-02-11 09:57:54;6.19;2.64;2.91;130.39;105.61;116.17
4.2677627;47.1612803;796041.1084944;6674215.6301140;7.35;9.29;498.19;2015-02-11 09:57:55;6.37;6.68;7.35;452.90;366.85;403.53
4.2677542;47.1612947;796040.4389417;6674217.2190561;4.65;8.02;234.81;2015-02-11 09:57:56;6.19;4.23;4.65;213.46;172.90;190.19
4.2677462;47.1613091;796039.8072642;6674218.8086064;4.91;10.76;447.30;2015-02-11 09:57:57;5.86;4.47;4.91;406.64;329.38;362.32
4.2677382;47.1613235;796039.1755870;6674220.3981568;3.39;6.56;114.77;2015-02-11 09:57:58;6.37;3.08;3.39;104.34;84.51;92.96
4.2677289;47.1613399;796038.4418690;6674222.2082484;5.75;9.44;402.79;2015-02-11 09:57:59;6.26;5.23;5.75;366.17;296.60;326.26
4.2677263;47.1613545;796038.2188846;6674223.8265790;3.66;9.76;274.01;2015-02-11 09:58:00;5.90;3.33;3.66;249.10;201.77;221.95
4.2677204;47.1613692;796037.7457478;6674225.4520020;2.96;11.89;328.47;2015-02-11 09:58:01;6.08;2.69;2.96;298.61;241.88;266.06
4.2677129;47.1613832;796037.1526599;6674226.9977363;8.48;9.96;659.95;2015-02-11 09:58:02;6.37;7.71;8.48;599.95;485.96;534.56
4.2677080;47.1613971;796036.7566999;6674228.5355267;3.55;9.80;267.90;2015-02-11 09:58:03;6.08;3.23;3.55;243.55;197.27;217.00
4.2676980;47.1614109;796035.9745950;6674230.0560084;3.49;6.67;122.06;2015-02-11 09:58:04;6.19;3.17;3.49;110.97;89.88;98.87
4.2676899;47.1614260;796035.3340968;6674231.7231804;2.94;7.66;135.50;2015-02-11 09:58:05;6.12;2.67;2.94;123.18;99.78;109.75
4.2676800;47.1614411;796034.5572495;6674233.3881633;5.39;10.20;440.55;2015-02-11 09:58:06;6.01;4.90;5.39;400.50;324.41;356.85
4.2676695;47.1614572;796033.7331697;6674235.1634778;2.88;7.52;127.85;2015-02-11 09:58:07;6.26;2.61;2.88;116.23;94.15;103.56
4.2676591;47.1614728;796032.9175570;6674236.8833835;5.36;6.36;170.48;2015-02-11 09:58:08;6.04;4.88;5.36;154.98;125.54;138.09
4.2676499;47.1614870;796032.1953405;6674238.4492630;8.10;9.76;606.02;2015-02-11 09:58:09;6.22;7.37;8.10;550.92;446.25;490.87
4.2676405;47.1615025;796031.4556565;6674240.1592790;4.03;7.62;183.43;2015-02-11 09:58:10;6.26;3.66;4.03;166.75;135.07;148.58
4.2676324;47.1615170;796030.8162303;6674241.7598149;6.51;9.16;429.12;2015-02-11 09:58:11;6.08;5.92;6.51;390.11;315.99;347.59
4.2676228;47.1615306;796030.0647850;6674243.2585715;4.07;9.46;285.97;2015-02-11 09:58:12;6.19;3.70;4.07;259.97;210.58;231.64
4.2676137;47.1615441;796029.3513931;6674244.7468303;4.85;7.60;219.88;2015-02-11 09:58:13;5.94;4.41;4.85;199.90;161.92;178.11
4.2676068;47.1615572;796028.8053636;6674246.1933401;4.14;12.12;478.29;2015-02-11 09:58:14;6.08;3.77;4.14;434.81;352.20;387.42
4.2675966;47.1615703;796028.0093612;6674247.6358369;6.50;7.69;301.85;2015-02-11 09:58:15;5.54;5.91;6.50;274.41;222.27;244.50
4.2675878;47.1615828;796027.3204781;6674249.0133995;3.21;10.44;274.83;2015-02-11 09:58:16;5.61;2.92;3.21;249.85;202.38;222.61
4.2675783;47.1615975;796026.5746482;6674250.6344456;2.96;10.36;249.47;2015-02-11 09:58:17;6.08;2.69;2.96;226.79;183.70;202.07
4.2675691;47.1616127;796025.8506519;6674252.3113872;5.14;9.88;394.38;2015-02-11 09:58:18;6.30;4.68;5.14;358.53;290.41;319.45
4.2675611;47.1616271;796025.2189817;6674253.9009392;3.47;10.91;324.70;2015-02-11 09:58:19;6.22;3.16;3.47;295.18;239.10;263.01
4.2675523;47.1616414;796024.5268906;6674255.4784123;10.07;10.87;934.28;2015-02-11 09:58:20;5.72;9.15;10.07;849.34;687.97;756.77
4.2675471;47.1616539;796024.1107069;6674256.8603533;3.68;9.83;279.54;2015-02-11 09:58:21;4.89;3.35;3.68;254.13;205.84;226.43
4.2675456;47.1616610;796023.9844238;6674257.6470635;2.57;6.31;80.46;2015-02-11 09:58:22;1.40;2.34;2.57;73.15;59.25;65.18
4.2676338;47.1616379;796030.7067044;6674255.1888118;6.55;10.52;569.40;2015-02-11 09:58:36;1.65;5.95;6.55;517.64;419.29;461.22
4.2676401;47.1616328;796031.1930192;6674254.6300617;4.00;8.86;246.34;2015-02-11 09:58:37;0.90;3.64;4.00;223.94;181.39;199.53
4.2676463;47.1616262;796031.6744338;6674253.9045982;3.13;19.68;952.38;2015-02-11 09:58:38;2.30;2.85;3.13;865.80;701.30;771.43
4.2676488;47.1615992;796031.9119512;6674250.9089873;5.81;12.19;677.99;2015-02-11 09:59:47;2.48;5.28;5.81;616.35;499.25;549.17
4.2676550;47.1615927;796032.3931879;6674250.1946300;5.31;8.54;303.74;2015-02-11 09:59:48;4.75;4.82;5.31;276.12;223.66;246.03
4.2676650;47.1615794;796033.1743978;6674248.7296784;4.28;9.83;324.55;2015-02-11 09:59:49;6.73;3.89;4.28;295.05;238.99;262.89
4.2676745;47.1615641;796033.9212997;6674247.0419965;6.05;9.41;420.72;2015-02-11 09:59:50;6.55;5.50;6.05;382.47;309.80;340.78
4.2676845;47.1615495;796034.7048285;6674245.4326656;3.41;11.80;372.98;2015-02-11 09:59:51;6.33;3.10;3.41;339.07;274.65;302.11
4.2676945;47.1615356;796035.4871095;6674243.9010776;5.38;8.72;321.45;2015-02-11 09:59:52;6.69;4.89;5.38;292.22;236.70;260.37
4.2677052;47.1615208;796036.3240204;6674242.2703861;5.27;9.56;378.35;2015-02-11 09:59:53;6.15;4.79;5.27;343.96;278.61;306.47
4.2677150;47.1615073;796037.0904390;6674240.7829795;6.98;9.47;491.72;2015-02-11 09:59:54;6.19;6.34;6.98;447.01;362.08;398.29
4.2677260;47.1614907;796037.9532855;6674238.9527430;4.40;8.49;248.77;2015-02-11 09:59:55;6.55;4.00;4.40;226.16;183.19;201.51
4.2677355;47.1614742;796038.7023297;6674237.1317884;6.15;8.39;340.23;2015-02-11 09:59:56;6.44;5.59;6.15;309.30;250.53;275.59
4.2677448;47.1614585;796039.4347979;6674235.3994395;2.24;9.40;155.24;2015-02-11 09:59:57;6.44;2.03;2.24;141.13;114.31;125.75
4.2677548;47.1614432;796040.2195779;6674233.7123666;3.89;8.60;225.69;2015-02-11 09:59:58;6.48;3.54;3.89;205.17;166.19;182.81
4.2677680;47.1614280;796041.2465789;6674232.0402920;2.84;9.96;221.45;2015-02-11 09:59:59;6.33;2.59;2.84;201.32;163.07;179.37
4.2677816;47.1614115;796042.3061986;6674230.2243247;3.32;12.81;427.65;2015-02-11 10:00:00;6.51;3.02;3.32;388.77;314.90;346.39
4.2677889;47.1613946;796042.8893092;6674228.3562703;1.11;6.65;38.54;2015-02-11 10:00:01;6.48;1.01;1.11;35.04;28.38;31.22
4.2677973;47.1613784;796043.5544964;6674226.5672967;3.51;8.16;183.49;2015-02-11 10:00:02;6.15;3.19;3.51;166.81;135.12;148.63
4.2678064;47.1613630;796044.2712822;6674224.8680235;2.75;10.60;242.48;2015-02-11 10:00:03;6.55;2.50;2.75;220.43;178.55;196.41
4.2678156;47.1613487;796044.9936817;6674223.2910394;4.52;13.03;603.30;2015-02-11 10:00:04;6.37;4.11;4.52;548.45;444.25;488.67
4.2678246;47.1613344;796045.7009317;6674221.7138121;3.94;11.46;406.50;2015-02-11 10:00:05;6.40;3.58;3.94;369.54;299.33;329.26
4.2678341;47.1613183;796046.4492669;6674219.9372830;2.27;10.17;184.74;2015-02-11 10:00:06;6.33;2.07;2.27;167.95;136.04;149.64
4.2678433;47.1613038;796047.1720242;6674218.3380869;1.64;9.08;106.37;2015-02-11 10:00:07;6.58;1.49;1.64;96.70;78.33;86.16
4.2678526;47.1612889;796047.9030702;6674216.6945881;5.71;9.52;406.89;2015-02-11 10:00:08;6.30;5.19;5.71;369.90;299.62;329.58
4.2678603;47.1612728;796048.5150570;6674214.9158698;4.79;13.29;664.73;2015-02-11 10:00:09;6.76;4.36;4.79;604.30;489.48;538.43
4.2678708;47.1612579;796049.3370036;6674213.2738308;6.37;9.18;421.34;2015-02-11 10:00:10;6.22;5.79;6.37;383.03;310.26;341.28
4.2678787;47.1612417;796049.9643194;6674211.4842498;3.87;9.26;260.49;2015-02-11 10:00:11;6.51;3.52;3.87;236.81;191.81;210.99
4.2678884;47.1612266;796050.7260236;6674209.8190257;6.29;8.42;349.78;2015-02-11 10:00:12;6.30;5.71;6.29;317.98;257.57;283.32
4.2678981;47.1612108;796051.4889767;6674208.0760589;3.30;9.72;244.88;2015-02-11 10:00:13;6.55;3.00;3.30;222.62;180.32;198.35
4.2679073;47.1611951;796052.2138769;6674206.3435902;5.65;9.22;377.08;2015-02-11 10:00:14;6.37;5.14;5.65;342.80;277.67;305.43
4.2679161;47.1611808;796052.9059806;6674204.7661205;3.96;5.78;103.71;2015-02-11 10:00:15;6.37;3.60;3.96;94.28;76.36;84.00
4.2679255;47.1611668;796053.6429996;6674203.2226991;4.57;10.16;370.39;2015-02-11 10:00:16;6.30;4.16;4.57;336.72;272.74;300.02
4.2679341;47.1611530;796054.3190622;6674201.7005169;2.21;12.47;270.12;2015-02-11 10:00:17;6.51;2.01;2.21;245.56;198.90;218.80
4.2679416;47.1611388;796054.9125135;6674200.1325722;6.75;7.87;328.38;2015-02-11 10:00:18;6.40;6.14;6.75;298.53;241.81;265.99
4.2679512;47.1611232;796055.6675373;6674198.4116966;2.67;10.15;216.33;2015-02-11 10:00:19;6.73;2.43;2.67;196.66;159.29;175.22
4.2679646;47.1611072;796056.7111252;6674196.6510193;7.96;10.33;667.54;2015-02-11 10:00:20;6.33;7.24;7.96;606.86;491.56;540.71
4.2679743;47.1610931;796057.4710496;6674195.0968572;2.29;10.65;203.68;2015-02-11 10:00:21;6.30;2.08;2.29;185.17;149.98;164.98
4.2679844;47.1610790;796058.2612743;6674193.5431819;5.12;13.14;694.03;2015-02-11 10:00:22;6.33;4.65;5.12;630.94;511.06;562.17
4.2679949;47.1610638;796059.0837615;6674191.8678261;3.89;7.81;186.45;2015-02-11 10:00:23;6.48;3.54;3.89;169.50;137.30;151.03
4.2680062;47.1610475;796059.9688113;6674190.0712763;5.09;11.50;528.70;2015-02-11 10:00:24;6.37;4.62;5.09;480.64;389.32;428.25
4.2680180;47.1610343;796060.8862074;6674188.6196245;2.72;10.22;222.86;2015-02-11 10:00:25;6.62;2.47;2.72;202.60;164.11;180.52
4.2680280;47.1610195;796061.6701074;6674186.9880852;4.57;12.90;597.19;2015-02-11 10:00:26;6.30;4.16;4.57;542.90;439.75;483.72
4.2680372;47.1610042;796062.3942994;6674185.3000423;5.18;10.26;428.05;2015-02-11 10:00:27;6.26;4.71;5.18;389.14;315.20;346.72
4.2680474;47.1609900;796063.1922801;6674183.7353832;5.92;9.40;410.37;2015-02-11 10:00:28;6.69;5.38;5.92;373.06;302.18;332.40
4.2680569;47.1609760;796063.9368792;6674182.1920848;4.40;11.86;485.96;2015-02-11 10:00:29;6.55;4.00;4.40;441.79;357.85;393.63
4.2680623;47.1609629;796064.3692971;6674180.7437536;5.75;10.92;538.94;2015-02-11 10:00:30;6.26;5.23;5.75;489.95;396.86;436.54
4.2680700;47.1609489;796064.9775463;6674179.1982656;2.34;12.46;285.57;2015-02-11 10:00:31;6.15;2.13;2.34;259.61;210.29;231.32
4.2680765;47.1609352;796065.4943602;6674177.6846360;4.89;8.18;257.40;2015-02-11 10:00:32;6.62;4.45;4.89;234.00;189.54;208.50
4.2680857;47.1609217;796066.2153437;6674176.1965036;4.52;10.64;401.77;2015-02-11 10:00:33;5.58;4.11;4.52;365.24;295.85;325.43
4.2680926;47.1609078;796066.7628151;6674174.6611486;5.82;10.22;477.98;2015-02-11 10:00:34;6.80;5.29;5.82;434.53;351.97;387.16
4.2681014;47.1608922;796067.4572449;6674172.9393013;2.24;10.60;197.26;2015-02-11 10:00:35;6.44;2.03;2.24;179.33;145.25;159.78
4.2681121;47.1608779;796068.2932820;6674171.3641452;7.39;7.23;303.79;2015-02-11 10:00:36;6.33;6.72;7.39;276.17;223.70;246.07
4.2681216;47.1608612;796069.0427001;6674169.5209825;5.33;8.75;320.62;2015-02-11 10:00:37;6.08;4.84;5.33;291.47;236.09;259.70
4.2681298;47.1608482;796069.6870430;6674168.0871645;9.37;12.07;1071.90;2015-02-11 10:00:38;6.15;8.51;9.37;974.46;789.31;868.24
4.2681371;47.1608344;796070.2646378;6674166.5634026;2.49;11.77;270.58;2015-02-11 10:00:39;5.79;2.26;2.49;245.98;199.24;219.17
4.2681455;47.1608184;796070.9294828;6674164.7966447;6.08;9.64;444.31;2015-02-11 10:00:40;6.51;5.53;6.08;403.92;327.17;359.89
4.2681562;47.1608029;796071.7676625;6674163.0882157;3.45;11.46;355.60;2015-02-11 10:00:41;6.26;3.14;3.45;323.27;261.85;288.04
4.2681670;47.1607865;796072.6150232;6674161.2799536;6.71;9.78;503.60;2015-02-11 10:00:42;6.44;6.10;6.71;457.82;370.83;407.92
4.2681758;47.1607705;796073.3101696;6674159.5136826;3.35;6.28;103.96;2015-02-11 10:00:43;6.44;3.05;3.35;94.51;76.55;84.21
4.2681841;47.1607567;796073.9635167;6674157.9911378;3.91;10.56;342.56;2015-02-11 10:00:44;6.44;3.56;3.91;311.42;252.25;277.47
4.2681950;47.1607403;796074.8184538;6674156.1829977;3.43;8.13;178.10;2015-02-11 10:00:45;6.30;3.12;3.43;161.90;131.14;144.26
4.2682028;47.1607218;796075.4423105;6674154.1378575;5.53;11.02;527.71;2015-02-11 10:00:46;6.51;5.03;5.53;479.74;388.59;427.45
4.2682118;47.1607073;796076.1499329;6674152.5384219;3.39;11.77;369.05;2015-02-11 10:00:47;6.37;3.08;3.39;335.50;271.75;298.93
4.2682210;47.1606935;796076.8714570;6674151.0169726;6.75;9.74;503.33;2015-02-11 10:00:48;6.40;6.14;6.75;457.57;370.64;407.70
4.2682305;47.1606800;796077.6151715;6674149.5292067;2.89;10.56;253.46;2015-02-11 10:00:49;6.22;2.63;2.89;230.42;186.64;205.31
4.2682384;47.1606680;796078.2350093;6674148.2060857;1.14;13.59;165.10;2015-02-11 10:00:50;6.33;1.03;1.14;150.09;121.57;133.73
4.2682462;47.1606535;796078.8517322;6674146.6051904;3.55;8.70;211.14;2015-02-11 10:00:51;6.08;3.23;3.55;191.95;155.48;171.03
4.2682519;47.1606387;796079.3099140;6674144.9684215;4.47;8.65;262.58;2015-02-11 10:00:52;6.44;4.07;4.47;238.71;193.36;212.69
4.2682577;47.1606225;796079.7781686;6674143.1762889;1.19;8.51;67.78;2015-02-11 10:00:53;6.04;1.08;1.19;61.62;49.91;54.90
4.2682667;47.1606094;796080.4832958;6674141.7323394;2.78;7.89;135.75;2015-02-11 10:00:54;6.48;2.53;2.78;123.41;99.96;109.96
4.2682752;47.1605930;796081.1564350;6674139.9212800;3.11;10.74;281.73;2015-02-11 10:00:55;5.79;2.83;3.11;256.12;207.46;228.20
4.2682872;47.1605766;796082.0947026;6674138.1144795;2.21;12.65;278.16;2015-02-11 10:00:56;6.51;2.01;2.21;252.87;204.83;225.31
4.2682975;47.1605620;796082.9009831;6674136.5055206;4.03;8.64;236.27;2015-02-11 10:00:57;6.26;3.66;4.03;214.79;173.98;191.38
4.2683040;47.1605453;796083.4231570;6674134.6587095;2.86;9.11;186.04;2015-02-11 10:00:58;6.30;2.60;2.86;169.13;136.99;150.69
4.2683138;47.1605302;796084.1924548;6674132.9936117;6.19;11.33;623.95;2015-02-11 10:00:59;6.40;5.62;6.19;567.23;459.45;505.40
4.2683233;47.1605192;796084.9317131;6674131.7834996;3.09;10.09;246.79;2015-02-11 10:01:00;5.83;2.81;3.09;224.35;181.72;199.90
4.2683288;47.1605527;796085.2885771;6674135.5107391;11.80;3.48;112.40;2015-02-11 10:01:15;0.61;10.73;11.80;102.18;82.76;91.04
4.2683296;47.1605549;796085.3452528;6674135.7560471;2.71;3.02;19.39;2015-02-11 10:01:16;1.33;2.46;2.71;17.63;14.28;15.71
4.2683223;47.1605579;796084.7869193;6674136.0803474;1.73;4.18;23.74;2015-02-11 10:01:17;2.08;1.57;1.73;21.58;17.48;19.23
4.2683181;47.1605670;796084.4525307;6674137.0858927;4.07;5.55;98.70;2015-02-11 10:01:18;4.42;3.70;4.07;89.73;72.68;79.95
4.2683101;47.1605802;796083.8229745;6674138.5421646;3.27;5.27;71.36;2015-02-11 10:01:19;5.50;2.98;3.27;64.87;52.55;57.80
4.2683001;47.1605961;796083.0371001;6674140.2958679;5.23;10.94;491.71;2015-02-11 10:01:20;6.19;4.76;5.23;447.01;362.08;398.28
4.2682906;47.1606114;796082.2901720;6674141.9835431;2.84;9.04;182.56;2015-02-11 10:01:21;6.33;2.59;2.84;165.97;134.43;147.88
4.2682805;47.1606271;796081.4970801;6674143.7149128;2.34;14.44;383.71;2015-02-11 10:01:22;6.15;2.13;2.34;348.82;282.55;310.80
4.2682750;47.1606423;796081.0533342;6674145.3963492;3.39;8.85;208.39;2015-02-11 10:01:23;6.37;3.08;3.39;189.45;153.45;168.80
4.2682643;47.1606574;796080.2158631;6674147.0603523;5.62;8.29;303.85;2015-02-11 10:01:24;6.40;5.11;5.62;276.23;223.74;246.12
4.2682542;47.1606733;796079.4224158;6674148.8139345;3.47;8.95;218.56;2015-02-11 10:01:25;6.22;3.16;3.47;198.69;160.94;177.03
4.2682441;47.1606881;796078.6309312;6674150.4453496;2.88;9.67;210.99;2015-02-11 10:01:26;6.26;2.61;2.88;191.81;155.37;170.90
4.2682364;47.1607031;796078.0208918;6674152.1018972;5.62;12.14;651.43;2015-02-11 10:01:27;6.40;5.11;5.62;592.21;479.69;527.66
4.2682262;47.1607181;796077.2214762;6674153.7554030;3.98;8.08;204.26;2015-02-11 10:01:28;6.33;3.62;3.98;185.69;150.41;165.45
4.2682181;47.1607318;796076.5834563;6674155.2670846;2.96;11.38;301.36;2015-02-11 10:01:29;6.08;2.69;2.96;273.96;221.91;244.10
4.2682083;47.1607455;796075.8166608;6674156.7766979;3.45;7.11;137.01;2015-02-11 10:01:30;6.26;3.14;3.45;124.55;100.89;110.98
4.2681999;47.1607596;796075.1552029;6674158.3324391;5.27;8.85;323.71;2015-02-11 10:01:31;6.15;4.79;5.27;294.28;238.37;262.21
4.2681907;47.1607742;796074.4322529;6674159.9427376;2.86;14.42;466.43;2015-02-11 10:01:32;6.30;2.60;2.86;424.03;343.46;377.81
4.2681797;47.1607867;796073.5766985;6674161.3176178;5.97;10.16;483.29;2015-02-11 10:01:33;5.43;5.42;5.97;439.35;355.88;391.46
4.2681695;47.1607992;796072.7817448;6674162.6934715;4.35;8.96;274.38;2015-02-11 10:01:34;5.79;3.96;4.35;249.43;202.04;222.24
4.2681601;47.1608126;796072.0457864;6674164.1702536;1.91;8.90;118.86;2015-02-11 10:01:35;5.65;1.74;1.91;108.05;87.52;96.27
4.2681484;47.1608270;796071.1338185;6674165.7552986;4.52;6.78;163.33;2015-02-11 10:01:36;6.37;4.11;4.52;148.49;120.27;132.30
4.2681399;47.1608395;796070.4676418;6674167.1332209;3.11;10.60;274.47;2015-02-11 10:01:37;5.79;2.83;3.11;249.52;202.11;222.32
4.2681304;47.1608532;796069.7235743;6674168.6432001;5.43;9.75;405.02;2015-02-11 10:01:38;5.97;4.93;5.43;368.20;298.24;328.06
4.2681194;47.1608667;796068.8662384;6674170.1291421;4.68;12.54;578.10;2015-02-11 10:01:39;6.15;4.26;4.68;525.55;425.69;468.26
4.2681104;47.1608806;796068.1596902;6674171.6619419;8.88;11.03;848.80;2015-02-11 10:01:40;6.08;8.07;8.88;771.64;625.03;687.53
4.2681014;47.1608946;796067.4529639;6674173.2058480;5.85;9.82;443.42;2015-02-11 10:01:41;6.15;5.32;5.85;403.11;326.52;359.17
4.2680928;47.1609088;796066.7761814;6674174.7724530;2.33;11.29;232.78;2015-02-11 10:01:42;6.19;2.11;2.33;211.61;171.41;188.55
4.2680824;47.1609239;796065.9614433;6674176.4368233;5.23;12.27;618.98;2015-02-11 10:01:43;6.19;4.76;5.23;562.71;455.79;501.37
4.2680788;47.1609366;796065.6660888;6674177.8429198;1.18;9.80;88.73;2015-02-11 10:01:44;6.12;1.07;1.18;80.67;65.34;71.87
4.2680682;47.1609511;796064.8372715;6674179.4404102;1.88;13.43;265.57;2015-02-11 10:01:45;5.76;1.70;1.88;241.43;195.56;215.11
4.2680574;47.1609655;796063.9934830;6674181.0265513;3.49;11.14;340.31;2015-02-11 10:01:46;6.19;3.17;3.49;309.37;250.59;275.65
4.2680480;47.1609792;796063.2569939;6674182.5366530;5.23;7.12;208.44;2015-02-11 10:01:47;6.19;4.76;5.23;189.49;153.48;168.83
4.2680386;47.1609935;796062.5194349;6674184.1133914;4.07;9.55;291.71;2015-02-11 10:01:48;6.19;3.70;4.07;265.19;214.80;236.28
4.2680281;47.1610074;796061.6992645;6674185.6443672;2.26;5.21;48.21;2015-02-11 10:01:49;6.37;2.06;2.26;43.82;35.50;39.05
4.2680182;47.1610222;796060.9229393;6674187.2760281;5.49;10.51;476.64;2015-02-11 10:01:50;5.90;4.99;5.49;433.31;350.98;386.08
4.2680106;47.1610376;796060.3197699;6674188.9771239;2.84;9.05;183.03;2015-02-11 10:01:51;6.33;2.59;2.84;166.39;134.78;148.26
4.2680029;47.1610518;796059.7111661;6674190.5448247;6.14;8.68;363.32;2015-02-11 10:01:52;5.86;5.58;6.14;330.30;267.54;294.29
4.2679952;47.1610666;796059.1014925;6674192.1791622;4.03;11.43;413.15;2015-02-11 10:01:53;6.26;3.66;4.03;375.59;304.23;334.65
4.2679866;47.1610815;796058.4234657;6674193.8235111;3.62;10.96;341.41;2015-02-11 10:01:54;5.97;3.29;3.62;310.37;251.40;276.54
4.2679785;47.1610958;796057.7843844;6674195.4018316;5.79;7.66;266.51;2015-02-11 10:01:55;6.22;5.26;5.79;242.29;196.25;215.88
4.2679698;47.1611115;796057.0973565;6674197.1349079;5.79;5.90;158.17;2015-02-11 10:01:56;6.22;5.26;5.79;143.79;116.47;128.12
4.2679609;47.1611266;796056.3962490;6674198.8011043;6.44;9.16;423.92;2015-02-11 10:01:57;6.15;5.85;6.44;385.38;312.16;343.37
4.2679507;47.1611414;796055.5972019;6674200.4324010;7.02;10.53;611.71;2015-02-11 10:01:58;6.15;6.39;7.02;556.10;450.44;495.48
4.2679409;47.1611559;796054.8289903;6674202.0308661;4.12;7.99;206.55;2015-02-11 10:01:59;6.12;3.74;4.12;187.78;152.10;167.31
4.2679317;47.1611708;796054.1055157;6674203.6744857;1.16;7.03;44.91;2015-02-11 10:02:00;6.22;1.05;1.16;40.83;33.07;36.38
4.2679217;47.1611852;796053.3223332;6674205.2616016;1.16;6.55;39.17;2015-02-11 10:02:01;6.19;1.06;1.16;35.61;28.84;31.73
4.2679133;47.1611985;796052.6623130;6674206.7284966;7.83;10.31;653.09;2015-02-11 10:02:02;6.44;7.11;7.83;593.72;480.91;529.00
4.2679042;47.1612138;796051.9457011;6674208.4166625;4.30;10.34;361.14;2015-02-11 10:02:03;5.86;3.91;4.30;328.31;265.93;292.52
4.2678955;47.1612288;796051.2599246;6674210.0719968;4.52;10.12;363.78;2015-02-11 10:02:04;6.37;4.11;4.52;330.71;267.87;294.66
4.2678855;47.1612435;796050.4762087;6674211.6924314;4.10;10.76;372.38;2015-02-11 10:02:05;6.15;3.73;4.10;338.53;274.21;301.63
4.2678751;47.1612575;796049.6634415;6674213.2346368;4.71;7.91;231.27;2015-02-11 10:02:06;6.12;4.28;4.71;210.24;170.30;187.33
4.2678643;47.1612721;796048.8193048;6674214.8429925;3.43;5.74;88.62;2015-02-11 10:02:07;6.30;3.12;3.43;80.57;65.26;71.78
4.2678556;47.1612856;796048.1362050;6674216.3317354;4.00;10.36;337.26;2015-02-11 10:02:08;6.30;3.64;4.00;306.60;248.35;273.18
4.2678472;47.1613003;796047.4736904;6674217.9541167;4.14;10.93;388.98;2015-02-11 10:02:09;6.08;3.77;4.14;353.62;286.43;315.08
4.2678376;47.1613150;796046.7202764;6674219.5750384;4.71;9.38;324.84;2015-02-11 10:02:10;6.12;4.28;4.71;295.31;239.20;263.12
4.2678262;47.1613305;796045.8290864;6674221.2826198;3.45;12.05;393.55;2015-02-11 10:02:11;6.26;3.14;3.45;357.78;289.80;318.78
4.2678155;47.1613449;796044.9928835;6674222.8688854;5.96;8.74;357.67;2015-02-11 10:02:12;6.04;5.42;5.96;325.15;263.37;289.71
4.2678067;47.1613599;796044.2995355;6674224.5240989;2.33;15.21;422.88;2015-02-11 10:02:13;6.19;2.11;2.33;384.44;311.40;342.54
4.2677981;47.1613739;796043.6231211;6674226.0684946;4.63;7.79;220.85;2015-02-11 10:02:14;6.22;4.21;4.63;200.78;162.63;178.89
4.2677903;47.1613889;796043.0055236;6674227.7249245;4.74;12.19;552.46;2015-02-11 10:02:15;6.08;4.31;4.74;502.24;406.81;447.49
4.2677824;47.1614033;796042.3814214;6674229.3145963;2.29;10.19;186.32;2015-02-11 10:02:16;6.30;2.08;2.29;169.38;137.20;150.92
4.2677754;47.1614175;796041.8258509;6674230.8831505;4.19;10.55;366.49;2015-02-11 10:02:17;6.01;3.81;4.19;333.17;269.87;296.86
4.2677671;47.1614321;796041.1710928;6674232.4945481;2.80;9.50;198.26;2015-02-11 10:02:18;6.44;2.54;2.80;180.24;145.99;160.59
4.2677597;47.1614466;796040.5846880;6674234.0959343;4.22;12.63;529.17;2015-02-11 10:02:19;5.97;3.84;4.22;481.07;389.66;428.63
4.2677519;47.1614607;796039.9686970;6674235.6524096;2.83;9.78;212.29;2015-02-11 10:02:20;6.37;2.57;2.83;192.99;156.32;171.95
4.2677434;47.1614755;796039.2984333;6674237.2857763;2.33;8.04;118.24;2015-02-11 10:02:21;6.19;2.11;2.33;107.49;87.07;95.77
4.2677359;47.1614896;796038.7051678;6674238.8426167;7.19;10.50;622.92;2015-02-11 10:02:22;6.01;6.53;7.19;566.29;458.69;504.56
4.2677277;47.1615033;796038.0595912;6674240.3541812;2.96;7.84;142.91;2015-02-11 10:02:23;6.08;2.69;2.96;129.91;105.23;115.75
4.2677192;47.1615178;796037.3898635;6674241.9542299;2.89;10.37;244.28;2015-02-11 10:02:24;6.22;2.63;2.89;222.08;179.88;197.87
4.2677122;47.1615316;796036.8350086;6674243.4783602;2.37;9.32;161.68;2015-02-11 10:02:25;6.08;2.15;2.37;146.98;119.06;130.96
4.2677061;47.1615455;796036.3481502;6674245.0146913;2.33;9.29;157.57;2015-02-11 10:02:26;6.19;2.11;2.33;143.24;116.03;127.63
4.2676969;47.1615599;796035.6255771;6674246.6027827;2.34;11.43;240.31;2015-02-11 10:02:27;6.15;2.13;2.34;218.46;176.95;194.65
4.2676888;47.1615742;796034.9865071;6674248.1811059;4.32;8.58;249.82;2015-02-11 10:02:28;5.83;3.93;4.32;227.11;183.96;202.35
4.2676804;47.1615884;796034.3248909;6674249.7479583;2.89;13.41;408.96;2015-02-11 10:02:29;6.22;2.63;2.89;371.78;301.14;331.25
4.2676697;47.1616026;796033.4890514;6674251.3120134;3.51;6.87;130.31;2015-02-11 10:02:30;6.15;3.19;3.51;118.46;95.95;105.55
4.2676594;47.1616175;796032.6822639;6674252.9542980;3.43;7.38;146.54;2015-02-11 10:02:31;6.30;3.12;3.43;133.22;107.91;118.70
4.2676517;47.1616317;796032.0736734;6674254.5220020;3.31;8.35;181.39;2015-02-11 10:02:32;5.43;3.01;3.31;164.90;133.57;146.93
4.2676410;47.1616437;796031.2417579;6674255.8417229;4.48;7.65;206.02;2015-02-11 10:02:33;4.82;4.07;4.48;187.29;151.71;166.88
